<update>
    <name>Usersnap 2.0.1</name>
    <description>Usersnap 2.0.1</description>
    <element>Usersnap</element>
    <type>file</type>
    <version>2.0.1</version>
    <infourl title="Usersnap">http://www.usersnap.com</infourl>
    <downloads>
        <downloadurl type="full" format="zip">https://github.com/usersnap/public/blob/master/joomla/usersnap/usersnap.zip</downloadurl>
    </downloads>
    <tags>
        <tag>stable</tag>
    </tags>
    <maintainer>jt</maintainer>
    <maintainerurl>http://usersnap.com</maintainerurl>
    <section>Bugtracking</section>
    <targetplatform name="joomla" version="1.6"/>
 </update>
